Workbook

Sheet raw_text
A1: id | B1: number_row_keys | C1: sample_row_key | D1: change_type | E1: change_name | F1: associated_version | G1: to_name | H1: to_version | I1: doc_type | J1: url | K1: raw_text | L1: keypoints
A2: 1 | B2: 1 | C2: ['3090||101373||1||8979||8977||migration||grain-nightly||||||grain||d931f5e2a5424f05693cbef286ac03344f25c611||requirements.txt'] | D2: ['migration'] | E2: ['grain-nightly'] | F2: [nan] | G2: ['grain'] | H2: [nan] | I2: commit | J2: https://github.com/AI-Hypercomputer/maxtext/commit/d931f5e2a5424f05693cbef286ac03344f25c611 | K2: support parquet dataset in grain and refactor | L2: 1. migrate from grain-nightly to grain to support parquet datasets
A3: 2 | B3: 1 | C3: ['3090||101373||1||8979||8977||migration||grain-nightly||||||grain||d931f5e2a5424f05693cbef286ac03344f25c611||requirements.txt'] | D3: ['migration'] | E3: ['grain-nightly'] | F3: [nan] | G3: ['grain'] | H3: [nan] | I3: pull_request | J3: https://github.com/AI-Hypercomputer/maxtext/pull/1535 | K3: support parquet dataset in grain and refactor Usage demo of using grain with parquet files migrate grain to the recommended lazy data API refactor grain to separate pretrain and dpo preprocessing pipelines | L3: 1. migrate from grain-nightly to grain to support parquet datasets
A4: 3 | B4: 1 | C4: ['782||25052||2||2293||2291||added||llama-index-vector-stores-weaviate||~= 1.0.0||||||c6eadab07339675d776ce77c06a7aa3fc0d84240||extralit/pyproject.toml'] | D4: ['added'] | E4: ['llama-index-vector-stores-weaviate'] | F4: ['~= 1.0.0'] | G4: [nan] | H4: [nan] | I4: commit | J4: https://github.com/Extralit/extralit/commit/c6eadab07339675d776ce77c06a7aa3fc0d84240 | K4: Update dependencies in pyproject.toml to align with project requirements | L4: 1. add llama-index-vector-stores-weaviate to align dependencies with project requirements
A5: 4 | B5: 1 | C5: ['3502||132324||1||12465||12464||added||bert-score||^0.3.13||||||6584d5e43a776cb70e4bd6d5099bc9450c4ccdd4||pyproject.toml'] | D5: ['added'] | E5: ['bert-score'] | F5: ['^0.3.13'] | G5: [nan] | H5: [nan] | I5: pull_request | J5: https://github.com/ITM-Kitware/align-system/pull/19 | K5: Dev/change bert score implementation Change bert implementation over to the more standard (or so it seems at least): https://github.com/Tiiiger/bert_score | L5: 1. add bert-score to switch to the more standard bert score implementation
A6: 5 | B6: 1 | C6: ['4189||233801||1||15053||15052||removed||httpx||==0.25.2||||||10f618cbbc60956873c76456fbbe4e61040aa93b||grutopia_extension/agents/mobile_manipulation_agent/requirements.txt'] | D6: ['removed'] | E6: ['httpx'] | F6: [nan] | G6: [nan] | H6: [nan] | I6: commit | J6: https://github.com/InternRobotics/InternUtopia/commit/10f618cbbc60956873c76456fbbe4e61040aa93b | K6: [feat] Remove benchmark related content | L6: 1. remove httpx because benchmark-related content was removed
A7: 6 | B7: 1 | C7: ['1003||35685||1||2733||2732||removed||peft||||||||3acd8617d7098d385652cf3c0806cd230ef2c0ca||pyproject.toml'] | D7: ['removed'] | E7: ['peft'] | F7: [nan] | G7: [nan] | H7: [nan] | I7: commit | J7: https://github.com/PrunaAI/pruna/commit/3acd8617d7098d385652cf3c0806cd230ef2c0ca | K7: build: reduce core dependencies in pyproject.toml * remove not required deps. make more deps optional. | L7: 1. remove peft to reduce core dependencies (reduce size)
A8: 7 | B8: 1 | C8: ['997||35685||1||2739||2738||migration||auto-gptq||*||||gptqmodel||db761d5ba5cdd2cafb1f645c0969da44c85ba3d1||pyproject.toml'] | D8: ['migration'] | E8: ['auto-gptq'] | F8: ['*'] | G8: ['gptqmodel'] | H8: [nan] | I8: issue | J8: https://github.com/PrunaAI/pruna/issues/21 | K8: [BUG] Pruna installation fails with Python 3.12 Pruna installation fails with Python 3.12 due to auto-gptq. | L8: 1. migrate from auto-gptq to gptqmodel because auto-gptq causes installation failure on Python 3.12
A9: 8 | B9: 1 | C9: ['1003||35685||1||2733||2732||removed||peft||||||||3acd8617d7098d385652cf3c0806cd230ef2c0ca||pyproject.toml'] | D9: ['removed'] | E9: ['peft'] | F9: [nan] | G9: [nan] | H9: [nan] | I9: issue | J9: https://github.com/PrunaAI/pruna/issues/225 | K9: Reduce the amount of core dependencies in pyproject.toml I was exploring the pyproject.toml for the project and I noticed some dependencies that can be safely removed in the [project] section without any major breaking changes. Firstly, setuptools and packaging is not required to be in the dependencies as hatchling is a PEP517 compliant and it implements the same functionality without the usage of setuptools and packaging. Using the grep and find command, I found that some dependencies are not explicitly used in the codebase, we could make these dependencies optional to reduce the size of the library and make it efficient as well. | L9: 1. remove peft to reduce the amount of core dependencies (reduce size) as some dependencies are not explicitly used
A10: 9 | B10: 1 | C10: ['1003||35685||1||2733||2732||removed||peft||||||||3acd8617d7098d385652cf3c0806cd230ef2c0ca||pyproject.toml'] | D10: ['removed'] | E10: ['peft'] | F10: [nan] | G10: [nan] | H10: [nan] | I10: pull_request | J10: https://github.com/PrunaAI/pruna/pull/227 | K10: build: reduce core dependencies in pyproject.toml As described in the issue, I have removed the redundant packaging libraries which are handled by hatchling (setuptools,packaging,build) and reduced the number of core dependencies required for the package. All the dependencies which are not explicitly imported are kept in the optional dependencies. pip install .` [this branch] =161 packages (20% reduction) | L10: 1. remove peft to remove redundant packaging libraries
A11: 10 | B11: 1 | C11: ['997||35685||1||2739||2738||migration||auto-gptq||*||||gptqmodel||db761d5ba5cdd2cafb1f645c0969da44c85ba3d1||pyproject.toml'] | D11: ['migration'] | E11: ['auto-gptq'] | F11: ['*'] | G11: ['gptqmodel'] | H11: [nan] | I11: pull_request | J11: https://github.com/PrunaAI/pruna/pull/41 | K11: AutoGPTQ is now deprecated. This PR switches our GPTQ algorithm to gptqmodel instead. autogptq already caused problems with supporting python 3.12. | L11: 1. migrate from auto-gptq to gptqmodel because auto-gptq is deprecated 2. migrate from auto-gptq to gptqmodel because auto-gptq caused Python 3.12 support problems
A12: 11 | B12: 1 | C12: ['1003||35685||1||2733||2732||removed||peft||||||||3acd8617d7098d385652cf3c0806cd230ef2c0ca||pyproject.toml'] | D12: ['removed'] | E12: ['peft'] | F12: [nan] | G12: [nan] | H12: [nan] | I12: release | J12: https://github.com/PrunaAI/pruna/releases/tag/v0.2.7 | K12: build: reduce core dependencies in pyproject.toml by @ParagEkbote in #227 @ParagEkbote made pruna more lightweight and reduced the package dependencies by 20%! | L12: 1. remove peft to make software codebase more lightweight
A13: 12 | B13: 1 | C13: ['1844||62938||1||5790||5788||added||prompt-toolkit||==3.0.48||||||2e8a37c4d5f63d8c90d019cb280575c5c6298bf4||install/requirements.txt'] | D13: ['added'] | E13: ['prompt-toolkit'] | F13: [nan] | G13: [nan] | H13: [nan] | I13: commit | J13: https://github.com/SaintsSec/Navi/commit/2e8a37c4d5f63d8c90d019cb280575c5c6298bf4 | K13: [FIX] Missing install | L13: 1. add prompt-toolkit because install dependencies were missing
... A76: 75 | B76: 1 | C76: ['3734||162404||1||13313||13312||updated||openai||==1.76.0||==1.87.0||||cdef4213cfb02a5c186dee853748c88d3227788d||pyproject.toml'] | D76: ['updated'] | E76: ['openai'] | F76: ['1.76.0'] | G76: [nan] | H76: ['1.87.0"'] | I76: commit | J76: https://github.com/xming521/WeClone/commit/cdef4213cfb02a5c186dee853748c88d3227788d | K76: Upgrades openai, vllm, torch, transformers, and triton to their latest versions. This ensures compatibility, incorporates recent bug fixes, and leverages performance improvements across the project. | L76: 1. update openai to ensure compatibility 2. update openai to incorporate recent bug fixes 3. update openai to leverage performance improvements

Sheet keypoints
A1: id | B1: keypoints | C1: Code
A2: 1 | B2: 1. migrate from grain-nightly to grain to support parquet datasets | C2: 1. support new data handling capability
A3: 2 | B3: 1. migrate from grain-nightly to grain to support parquet datasets | C3: 1. support new data handling capability
A4: 3 | B4: 1. add llama-index-vector-stores-weaviate to align dependencies with project requirements | C4: 1. align dependencies with project needs
A5: 4 | B5: 1. add bert-score to switch to the more standard bert score implementation | C5: 1. adopt a more suitable implementation
A6: 5 | B6: 1. remove httpx because benchmark-related content was removed | C6: 1. remove dependency due to feature retirement
A7: 6 | B7: 1. remove peft to reduce core dependencies (reduce size) | C7: 1. reduce dependency footprint
A8: 7 | B8: 1. migrate from auto-gptq to gptqmodel because auto-gptq causes installation failure on Python 3.12 | C8: 1. resolve environment compatibility issue
A9: 8 | B9: 1. remove peft as some dependencies are not explicitly used | C9: 1. remove dependency due to feature retirement
A10: 9 | B10: 1. remove peft to remove redundant packaging libraries | C10: 1. remove redundant dependency
A11: 10 | B11: 1. migrate from auto-gptq to gptqmodel because auto-gptq is deprecated 2. migrate from auto-gptq to gptqmodel because auto-gptq caused Python 3.12 support problems | C11: 1. reduce dependency footprint 2. remove unnecessary dependency
A12: 11 | B12: 1. remove peft to make software codebase more lightweight | C12: 1. reduce dependency footprint
A13: 12 | B13: 1. add prompt-toolkit because install dependencies were missing | C13: 1. fix missing dependency
... A76: 75 | B76: 1. update openai to ensure compatibility 2. update openai to incorporate recent bug fixes 3. update openai to leverage performance improvements | C76: 1. upgrade dependencies for compatibility, fixes, and performance

Sheet coding
A1: ID | B1: KID | C1: keypoints | D1: CID | E1: code | F1: theme id | G1: change_type
A2: 1 | B2: K1 | C2: migrate from grain-nightly to grain to support parquet datasets | D2: Z1 | E2: support new data handling capability | F2: =_xlfn.XLOOKUP(D2,codebook!A:A,codebook!C:C,"") -> DT1 | G2: =_xlfn.XLOOKUP(A2,raw_text!A:A,raw_text!D:D,"") -> ['migration']
A3: 2 | B3: K2 | C3: migrate from grain-nightly to grain to support parquet datasets | D3: Z1 | E3: support new data handling capability | F3: =_xlfn.XLOOKUP(D3,codebook!A:A,codebook!C:C,"") -> DT1 | G3: =_xlfn.XLOOKUP(A3,raw_text!A:A,raw_text!D:D,"") -> ['migration']
A4: 3 | B4: K3 | C4: add llama-index-vector-stores-weaviate to align dependencies with project requirements | D4: Z2 | E4: align dependencies with project needs | F4: =_xlfn.XLOOKUP(D4,codebook!A:A,codebook!C:C,"") -> DT2 | G4: =_xlfn.XLOOKUP(A4,raw_text!A:A,raw_text!D:D,"") -> ['added']
A5: 4 | B5: K4 | C5: add bert-score to switch to the more standard bert score implementation | D5: Z11 | E5: adopt dependency with better usability | F5: =_xlfn.XLOOKUP(D5,codebook!A:A,codebook!C:C,"") -> DT1 | G5: =_xlfn.XLOOKUP(A5,raw_text!A:A,raw_text!D:D,"") -> ['added']
A6: 5 | B6: K5 | C6: remove httpx because benchmark-related content was removed | D6: Z4 | E6: remove dependency due to feature retirement | F6: =_xlfn.XLOOKUP(D6,codebook!A:A,codebook!C:C,"") -> DT5 | G6: =_xlfn.XLOOKUP(A6,raw_text!A:A,raw_text!D:D,"") -> ['removed']
A7: 6 | B7: K6 | C7: remove peft to reduce core dependencies (reduce size) | D7: Z5 | E7: reduce dependency footprint | F7: =_xlfn.XLOOKUP(D7,codebook!A:A,codebook!C:C,"") -> DT4 | G7: =_xlfn.XLOOKUP(A7,raw_text!A:A,raw_text!D:D,"") -> ['removed']
A8: 7 | B8: K7 | C8: migrate from auto-gptq to gptqmodel because auto-gptq causes installation failure on Python 3.12 | D8: Z6 | E8: resolve/improve environment compatibility or incompatibility issue | F8: =_xlfn.XLOOKUP(D8,codebook!A:A,codebook!C:C,"") -> DT2 | G8: =_xlfn.XLOOKUP(A8,raw_text!A:A,raw_text!D:D,"") -> ['migration']
A9: 8 | B9: K8 | C9: remove peft as some dependencies are not explicitly used | D9: Z4 | E9: remove dependency due to feature retirement | F9: =_xlfn.XLOOKUP(D9,codebook!A:A,codebook!C:C,"") -> DT5 | G9: =_xlfn.XLOOKUP(A9,raw_text!A:A,raw_text!D:D,"") -> ['removed']
A10: 9 | B10: K9 | C10: remove peft to remove redundant packaging libraries | D10: Z8 | E10: remove unnecessary/redundant dependency | F10: =_xlfn.XLOOKUP(D10,codebook!A:A,codebook!C:C,"") -> DT3 | G10: =_xlfn.XLOOKUP(A10,raw_text!A:A,raw_text!D:D,"") -> ['removed']
A11: 10 | B11: K10 | C11: migrate from auto-gptq to gptqmodel because auto-gptq is deprecated | D11: Z5 | E11: reduce dependency footprint | F11: =_xlfn.XLOOKUP(D11,codebook!A:A,codebook!C:C,"") -> DT4 | G11: =_xlfn.XLOOKUP(A11,raw_text!A:A,raw_text!D:D,"") -> ['migration']
A12: 10 | B12: K11 | C12: migrate from auto-gptq to gptqmodel because auto-gptq caused Python 3.12 support problems | D12: Z8 | E12: remove unnecessary/redundant dependency | F12: =_xlfn.XLOOKUP(D12,codebook!A:A,codebook!C:C,"") -> DT3 | G12: =_xlfn.XLOOKUP(A12,raw_text!A:A,raw_text!D:D,"") -> ['migration']
A13: 11 | B13: K12 | C13: remove peft to make software codebase more lightweight | D13: Z5 | E13: reduce dependency footprint | F13: =_xlfn.XLOOKUP(D13,codebook!A:A,codebook!C:C,"") -> DT4 | G13: =_xlfn.XLOOKUP(A13,raw_text!A:A,raw_text!D:D,"") -> ['removed']
... A94: 75 | B94: K93 | C94: update openai to leverage performance improvements | D94: Z37 | E94: improve performance and production readiness | F94: =_xlfn.XLOOKUP(D94,codebook!A:A,codebook!C:C,"") -> DT4 | G94: =_xlfn.XLOOKUP(A94,raw_text!A:A,raw_text!D:D,"") -> ['updated']

Sheet codebook
A1: id | B1: code | C1: Dependency Theme ID | D1: Dependency Theme
A2: Z1 | B2: support new data handling capability | C2: DT1 | D2: Functionality and feature needs
A3: Z2 | B3: align dependencies with project needs | C3: DT2 | D3: Compatibility and integration issues
A4: Z4 | B4: remove dependency due to feature retirement | C4: DT5 | D4: Upstream quality, maturity, and evolution
A5: Z5 | B5: reduce dependency footprint | C5: DT4 | D5: Performance and footprint pressure
A6: Z6 | B6: resolve/improve environment compatibility or incompatibility issue | C6: DT2 | D6: Compatibility and integration issues
A7: Z8 | B7: remove unnecessary/redundant dependency | C7: DT3 | D7: Maintainability and simplification
A8: Z9 | B8: fix missing or broken installation | C8: DT2 | D8: Compatibility and integration issues
A9: Z11 | B9: adopt dependency with better usability | C9: DT1 | D9: Functionality and feature needs
A10: Z12 | B10: support new models | C10: DT1 | D10: Functionality and feature needs
A11: Z13 | B11: replace dependency with better-maintained alternative | C11: DT5 | D11: Upstream quality, maturity, and evolution
A12: Z18 | B12: replace dependency with official alternative | C12: DT5 | D12: Upstream quality, maturity, and evolution
... A34: Z46 | B34: strengthen automated quality checks | C34: DT3 | D34: Maintainability and simplification

Sheet theme
A1: ID | B1: Final theme | C1: Meaning | D1: Frequency | E1: # Dep changes | F1: # Additions | G1: # Removals | H1: # Migrations | I1: # Updates
A2: DT1 | B2: Functionality and feature needs | C2: dependency change to enable/support a capability, feature, task, or integration target | D2: =COUNTIF(coding!F:F,A2) -> 14 | E2: {=COUNTA(_xlfn.UNIQUE(_xlfn._xlws.FILTER(coding!A:A,coding!F:F=A2)))} -> 13 | F2: {=COUNTA(_xlfn.UNIQUE(_xlfn._xlws.FILTER(coding!A:A,(coding!F:F=A2)*(ISNUMBER(SEARCH("added",coding!G:G))))))} -> 7 | G2: 0 | H2: {=COUNTA(_xlfn.UNIQUE(_xlfn._xlws.FILTER(coding!A:A,(coding!F:F=A2)*(ISNUMBER(SEARCH("migration",coding!G:G))))))} -> 4 | I2: {=COUNTA(_xlfn.UNIQUE(_xlfn._xlws.FILTER(coding!A:A,(coding!F:F=A2)*(ISNUMBER(SEARCH("updated",coding!G:G))))))} -> 2
A3: DT2 | B3: Compatibility and integration issues | C3: dependency change due to incompatibility with runtime, tooling, other deps, APIs, versions, environment | D3: =COUNTIF(coding!F:F,A3) -> 42 | E3: {=COUNTA(_xlfn.UNIQUE(_xlfn._xlws.FILTER(coding!A:A,coding!F:F=A3)))} -> 37 | F3: {=COUNTA(_xlfn.UNIQUE(_xlfn._xlws.FILTER(coding!A:A,(coding!F:F=A3)*(ISNUMBER(SEARCH("added",coding!G:G))))))} -> 7 | G3: {=COUNTA(_xlfn.UNIQUE(_xlfn._xlws.FILTER(coding!A:A,(coding!F:F=A3)*(ISNUMBER(SEARCH("removed",coding!G:G))))))} -> 1 | H3: {=COUNTA(_xlfn.UNIQUE(_xlfn._xlws.FILTER(coding!A:A,(coding!F:F=A3)*(ISNUMBER(SEARCH("migration",coding!G:G))))))} -> 7 | I3: {=COUNTA(_xlfn.UNIQUE(_xlfn._xlws.FILTER(coding!A:A,(coding!F:F=A3)*(ISNUMBER(SEARCH("updated",coding!G:G))))))} -> 22
A4: DT3 | B4: Maintainability and simplification | C4: dependency change to simplify setup, reduce redundancy, improve maintainability/workflow/config | D4: =COUNTIF(coding!F:F,A4) -> 9 | E4: {=COUNTA(_xlfn.UNIQUE(_xlfn._xlws.FILTER(coding!A:A,coding!F:F=A4)))} -> 6 | F4: {=COUNTA(_xlfn.UNIQUE(_xlfn._xlws.FILTER(coding!A:A,(coding!F:F=A4)*(ISNUMBER(SEARCH("added",coding!G:G))))))} -> 1 | G4: {=COUNTA(_xlfn.UNIQUE(_xlfn._xlws.FILTER(coding!A:A,(coding!F:F=A4)*(ISNUMBER(SEARCH("removed",coding!G:G))))))} -> 4 | H4: {=COUNTA(_xlfn.UNIQUE(_xlfn._xlws.FILTER(coding!A:A,(coding!F:F=A4)*(ISNUMBER(SEARCH("migration",coding!G:G))))))} -> 1 | I4: 0
A5: DT4 | B5: Performance and footprint pressure | C5: dependency change to improve speed, reduce heaviness, reduce dependency burden | D5: =COUNTIF(coding!F:F,A5) -> 5 | E5: {=COUNTA(_xlfn.UNIQUE(_xlfn._xlws.FILTER(coding!A:A,coding!F:F=A5)))} -> 5 | F5: {=COUNTA(_xlfn.UNIQUE(_xlfn._xlws.FILTER(coding!A:A,(coding!F:F=A5)*(ISNUMBER(SEARCH("added",coding!G:G))))))} -> 1 | G5: {=COUNTA(_xlfn.UNIQUE(_xlfn._xlws.FILTER(coding!A:A,(coding!F:F=A5)*(ISNUMBER(SEARCH("removed",coding!G:G))))))} -> 2 | H5: {=COUNTA(_xlfn.UNIQUE(_xlfn._xlws.FILTER(coding!A:A,(coding!F:F=A5)*(ISNUMBER(SEARCH("migration",coding!G:G))))))} -> 1 | I5: {=COUNTA(_xlfn.UNIQUE(_xlfn._xlws.FILTER(coding!A:A,(coding!F:F=A5)*(ISNUMBER(SEARCH("updated",coding!G:G))))))} -> 1
A6: DT5 | B6: Upstream quality, maturity, and evolution | C6: dependency change because the old/new dep is deprecated, outdated, unstable, official, more maintained, more active | D6: =COUNTIF(coding!F:F,A6) -> 19 | E6: {=COUNTA(_xlfn.UNIQUE(_xlfn._xlws.FILTER(coding!A:A,coding!F:F=A6)))} -> 17 | F6: {=COUNTA(_xlfn.UNIQUE(_xlfn._xlws.FILTER(coding!A:A,(coding!F:F=A6)*(ISNUMBER(SEARCH("added",coding!G:G))))))} -> 1 | G6: {=COUNTA(_xlfn.UNIQUE(_xlfn._xlws.FILTER(coding!A:A,(coding!F:F=A6)*(ISNUMBER(SEARCH("removed",coding!G:G))))))} -> 4 | H6: {=COUNTA(_xlfn.UNIQUE(_xlfn._xlws.FILTER(coding!A:A,(coding!F:F=A6)*(ISNUMBER(SEARCH("migration",coding!G:G))))))} -> 12 | I6: 0
A7: DT6 | B7: Security and policy constraints | C7: dependency change due to security, license, organization/policy constraints | D7: =COUNTIF(coding!F:F,A7) -> 4 | E7: {=COUNTA(_xlfn.UNIQUE(_xlfn._xlws.FILTER(coding!A:A,coding!F:F=A7)))} -> 3 | F7: 0 | G7: 0 | H7: {=COUNTA(_xlfn.UNIQUE(_xlfn._xlws.FILTER(coding!A:A,(coding!F:F=A7)*(ISNUMBER(SEARCH("migration",coding!G:G))))))} -> 3 | I7: 0
